Story ID,Epic,Title,Goal,Dependencies,Acceptance Criteria
VF-001,R0 Foundation,Create repository structure and solution,Create the initial VetFlow repository and approved project structure.,None,Repository contains the approved structure. | Backend builds successfully. | Angular builds successfully. | Tests execute successfully. | No circular project dependencies. | A developer can clone and understand where each future feature belongs.
VF-002,R0 Foundation,Configure coding standards and quality gates,Make the repository enforce consistent engineering standards.,VF-001,Backend and frontend checks run in CI. | Formatting/analyzer violations are surfaced. | Build/test failures fail the pipeline. | No application behavior is changed.
VF-003,R0 Foundation,Create local development environment,"Provide a reproducible local environment for PostgreSQL, Keycloak and object storage.",VF-001,"All infrastructure starts with one documented command. | PostgreSQL, Keycloak and MinIO are reachable. | Persistent volumes survive restart. | Secrets are not committed."
VF-004,R0 Foundation,Configure PostgreSQL and EF Core,Create the persistence foundation without business tables.,"VF-001,VF-003",Both contexts can connect. | A test migration can be generated/applied. | Connection strings come from configuration/secrets. | No business tables are introduced outside the intended scope.
VF-005,R0 Foundation,Create API foundation,Create ASP.NET Core API pipeline and common API behavior.,VF-001,API starts successfully. | OpenAPI is generated. | Health endpoint works. | Validation/business errors have consistent shape. | Unhandled errors do not leak internals.
VF-006,R0 Foundation,Create Angular PWA shell,"Create one Angular application with route-separated Platform, Business and Portal areas.",VF-001,One Angular application exists. | All three route areas resolve. | No second Angular application is created. | PWA install/service-worker configuration is valid. | Responsive shell works on desktop and mobile widths.
VF-007,R0 Foundation,Create design system foundation,Create the reusable UI primitives without creating generic business components.,VF-006,Core UI primitives render consistently. | Theme matches approved clinical SaaS direction. | No business-specific behavior is hidden in generic components.
VF-008,R0 Foundation,Configure OpenTelemetry,Add trace/log/metric instrumentation foundation.,VF-005,Telemetry is visible locally. | Sensitive values are excluded. | Trace IDs correlate API operations.
VF-009,R0 Foundation,Create test architecture,"Create unit, integration, API, security and workflow test foundations.","VF-004,VF-005,VF-006",A sample unit test passes. | A sample API integration test passes. | Test infrastructure can create isolated test data. | No production DB is used by automated tests.
VF-010,R0 Foundation,Create deployment containerization,"Containerize backend, frontend and workers at a baseline level.","VF-005,VF-006",Images build reproducibly. | Containers start with required environment variables. | Images contain no secrets.
VF-011,R1 Platform,Create Platform DB tenant model,Implement control-plane tenant and subscription metadata.,VF-004,Platform migration creates required tables. | Tenant lifecycle can be persisted. | Tenant database mapping is represented. | Unit tests cover lifecycle transitions.
VF-012,R1 Platform,Implement tenant database resolver,Resolve the tenant database from trusted authenticated context.,"VF-011,VF-005",Authorized request gets correct tenant context. | Inactive tenant is rejected. | Missing tenant context is rejected. | Cross-tenant test fails safely.
VF-013,R1 Platform,Implement tenant provisioning workflow,Provision a tenant database and initial configuration.,"VF-011,VF-012,VF-004",A tenant can be provisioned from Platform UI/API. | Partial failures leave a recoverable provisioning state. | Repeated provisioning does not corrupt the tenant. | Ready is only reached after all required steps succeed.
VF-014,R1 Identity,Integrate Keycloak OIDC,Use Keycloak for authentication.,"VF-003,VF-005",Valid Keycloak user can authenticate. | Invalid/expired token is rejected. | API receives trusted identity. | Passwords are not stored in VetFlow.
VF-015,R1 Authorization,Implement application roles and permissions,Implement VetFlow authorization independent of Keycloak authentication.,"VF-012,VF-014",Unauthorized API calls return 403. | Cross-tenant access is denied. | Branch restrictions are enforced. | Frontend cannot bypass server authorization.
VF-016,R1 Platform,Implement global reference metadata,Centralize global metadata in Platform DB.,VF-011,Seed is repeatable. | Global metadata is available to tenant workflows. | No cross-DB foreign keys are required.
VF-017,R1 Practice,Implement branches and practice settings,Create branch and practice configuration.,VF-015,Tenant can create multiple branches. | Users can be restricted to branches. | Settings are tenant/branch scoped as designed.
VF-018,R1 Platform,Implement platform admin UI,Create the Super Admin tenant lifecycle UI.,"VF-013,VF-015,VF-006",Super Admin can create and inspect tenants. | Provisioning state is visible. | Non-platform users cannot access routes or APIs.
VF-019,R2 Client,Implement client management,"Implement client registration, search and duplicate detection.",VF-017,Staff can search clients. | Likely duplicates are surfaced before creation. | Client can own multiple animals. | Unauthorized tenant access is impossible.
VF-020,R2 Patient,Implement animal registration,Implement animal/patient profile and ownership.,"VF-019,VF-016",Animal can be created for a client. | Multiple responsible parties are supported where configured. | Reference IDs resolve centrally. | Clinical history protection is enforced.
VF-021,R2 Patient,Implement patient timeline,Create the read-oriented patient timeline.,VF-020,Timeline is chronological. | Each event links to its source. | Tenant/branch/client authorization applies. | Large timelines remain paginated.
VF-022,R2 Portal,Implement client portal account linkage,Allow a client to receive secure portal access and authorized pet access.,"VF-014,VF-020",Client can authenticate. | Only authorized pets appear. | Removing access removes portal visibility. | Portal APIs enforce the same rule server-side.
VF-023,R3 Scheduling,Implement appointment types and availability foundation,Create appointment configuration and provider/branch availability.,"VF-017,VF-016",Configured appointment type can be selected. | Availability respects branch/provider rules. | Timezone behavior is tested.
VF-024,R3 Scheduling,Implement appointment booking,Implement create/confirm/reschedule/cancel appointment workflows.,"VF-023,VF-020",Valid appointment can be booked. | Conflicting appointment is rejected. | State transitions are server controlled. | Outbox event is created atomically.
VF-025,R3 Reception,Implement check-in and waiting queue,"Implement arrival, check-in and queue management.",VF-024,Reception can check in an appointment. | Walk-in can enter queue. | Queue reflects current state. | Check-in creates/links visit context.
VF-026,R4 Clinical,Implement encounter lifecycle,Create encounter aggregate/workflow and finalization.,VF-025,Encounter can be started from checked-in patient. | Incomplete required data blocks completion. | Completed encounter cannot be casually edited. | EncounterCompleted outbox message is persisted.
VF-027,R4 Clinical,Implement diagnosis and treatment,Add diagnosis and treatment capture to encounter.,"VF-026,VF-016",Clinician can record diagnosis/treatment. | Finalization preserves attribution. | Corrections are controlled/audited.
VF-028,R4 Clinical,Implement follow-up workflow,Create reusable follow-up records for clinical workflows.,VF-026,Clinical workflow can create follow-up. | Follow-up appears on dashboard/portal when permitted. | Completion is auditable.
VF-029,R5 Pharmacy,Implement product and medication catalog,Create tenant product/medication catalog and batches.,"VF-016,VF-017",Product and batch can be created. | Expired batch is identified. | Units are validated.
VF-030,R5 Clinical,Implement prescription workflow,Implement draft/issue prescription and clinical dosing details.,"VF-027,VF-029",Valid prescription can be issued. | Required clinical fields are validated. | Prescriber is recorded. | Cancelled prescription cannot be dispensed.
VF-031,R5 Pharmacy,Implement dispensing and inventory deduction,Dispense prescriptions with batch/expiry validation and auditable stock movement.,"VF-030,VF-029",Expired batch cannot be dispensed. | Partial dispense is supported. | Stock movement is auditable. | Repeated request cannot double-deduct stock.
VF-032,R6 Diagnostics,Implement diagnostic orders,Create diagnostic order and item workflow.,VF-027,Authorized clinician can order. | Order appears in pending work queue. | Cancellation is controlled.
VF-033,R6 Diagnostics,Implement sample collection,Capture sample collection and chain-of-custody fields.,VF-032,Sample can be collected only for eligible order. | Collection is auditable. | State transition is enforced.
VF-034,R6 Diagnostics,Implement results and veterinarian review,"Implement result entry, report generation and review.",VF-033,Result cannot be marked reviewed without required reviewer. | Reviewed result changes are audited. | Client notification occurs only according to configured policy.
VF-035,R6 Vaccination,Implement vaccination business workflow,"Implement vaccination as a real veterinary workflow, not a generic record.","VF-027,VF-016,VF-028",All required vaccination fields are captured. | Validity dates are not conflated with next due/follow-up. | Expired vaccine cannot be administered where policy prohibits it. | Follow-up is created with correct relationship. | Vaccination appears on timeline. | Finalized vaccination cannot be silently edited.
VF-036,R7 Surgery,Implement procedure and surgery workflow,"Support consent, pre-op, anesthesia, procedure, recovery and post-op.",VF-027,Required pre-op/consent rules are enforced where configured. | Each stage is attributable. | Final surgery record is auditable. | Post-op follow-up can be created.
VF-037,R7 Hospitalization,Implement hospitalization,Support admission through discharge/transfer/referral.,"VF-027,VF-030,VF-031",Patient can be admitted. | Active hospitalized patients are visible. | Discharge requires configured completion criteria. | Discharge creates summary/follow-up as appropriate.
VF-038,R8 Inventory,Implement inventory transactions,Implement auditable stock movement model.,VF-029,Every stock change has a transaction. | Inventory can be reconciled. | Negative stock policy is configurable/enforced.
VF-039,R8 Purchasing,Implement suppliers and purchase orders,Support procurement and receiving.,"VF-029,VF-038",Received quantity matches inventory movement. | Batch is traceable to supplier/PO. | Partial receipt is supported.
VF-040,R8 Billing,Implement service catalog and charges,Create tenant service catalog and clinical-to-billing charge capture.,"VF-017,VF-016",Tenant can configure service prices. | Clinical workflow can create charges. | Charges are traceable.
VF-041,R8 Billing,Implement estimates and invoices,Implement estimate-to-invoice workflow.,VF-040,Estimate can be converted into charges/invoice. | Invoice state transitions are enforced. | Paid invoice cannot be silently edited.
VF-042,R8 Billing,Implement payments and refunds,"Implement payment allocation, receipts and controlled refunds.",VF-041,Partial payment works. | Invoice becomes Paid only when balance reaches zero. | Refund is controlled and auditable. | Receipt can be generated as PDF.
VF-043,R9 Documents,Implement document storage abstraction,Create secure object storage infrastructure without a universal business document abstraction.,"VF-005,VF-003",Tenant documents are isolated. | Unauthorized download is rejected. | Object path is not treated as authorization. | Storage can later switch provider.
VF-044,R9 Documents,Implement vaccination certificate PDF,Generate a professional printable/downloadable vaccination certificate.,"VF-035,VF-043",Certificate is readable on A4. | All required vaccination data appears. | PDF can be downloaded. | PDF can be printed consistently. | Document is linked to source vaccination. | Corrections produce a new version rather than silently overwriting.
VF-045,R9 Documents,Implement clinical and billing PDFs,"Implement separate PDF documents for prescription, lab report, discharge summary, invoice and receipt.","VF-030,VF-034,VF-037,VF-041,VF-042,VF-043",Each document renders correctly. | Each source record maps to its own document rules. | No universal business document abstraction is introduced.
VF-046,R9 Portal,Implement portal dashboard and pet records,Expose authorized pet information through a dedicated portal experience.,"VF-022,VF-021",Client sees only authorized pets. | Mobile portal is usable. | Staff-only fields are not exposed.
VF-047,R9 Portal,"Implement portal documents, prescriptions, labs and billing",Complete client self-service document and financial access.,"VF-045,VF-046",Unauthorized documents cannot be accessed. | Reviewed/shareable lab results appear. | PDF downloads are secure.
VF-048,R9 Notifications,Implement notification orchestration,Create outbox-driven notification workflow without directly coupling clinical modules to providers.,"VF-024,VF-028,VF-035",Notification work is durable. | Provider failure does not corrupt clinical transaction. | Retries are bounded/idempotent.
VF-049,R10 Reporting,Implement operational dashboards,"Create dashboards for appointments, queue, clinical activity and follow-ups.","VF-025,VF-028",Dashboard data respects tenant/branch authorization. | Queries are paginated/optimized. | No cross-tenant data.
VF-050,R10 Reporting,Implement financial and inventory reports,Create financial and inventory reporting.,"VF-038,VF-042",Totals reconcile with source transactions. | Reports respect date/timezone and branch scope. | Large reports do not block request threads unnecessarily.
VF-051,R10 Security,Implement tenant isolation regression suite,Prove tenant and portal isolation.,"VF-015,VF-022",All isolation tests pass. | Any unauthorized access returns safe denial. | Regression suite runs in CI.
VF-052,R10 Production,Implement backup and restore validation,Make data recovery testable.,"VF-011,VF-043",Backup success is observable. | A tenant can be restored in a controlled test. | Recovery procedures are documented.
VF-053,R10 Production,Production readiness hardening,Harden the application for production.,"VF-051,VF-052",Critical security findings resolved. | Critical workflows meet agreed performance targets. | Production runbook exists. | Release checklist passes.
VF-054,R11 AI Readiness,Create AI-safe data access boundary,Prepare future AI services without giving models direct unrestricted DB access.,VF-053,AI cannot bypass normal authorization. | Data access is tenant scoped. | Sensitive data access is auditable.
VF-055,R11 AI Readiness,Create AI suggestion workflow contract,Allow future AI assistants to return drafts requiring human acceptance.,VF-054,AI suggestions cannot directly finalize clinical records. | Acceptance is explicit. | Provider/model can change without changing clinical workflow contracts.
